haz,counties,with_loss,realized,years,eal_annual,rho_index,lb,ub,verdict,top10_capture,calibration,rho_buildvalue,rho_population,rho_naive_past
HRCN,2308,259,26236434950.0,5,21424596765.486668,0.34309559056216027,0.20740284661670247,0.44431829458151356,WEAK,64.45813896678062,0.2449188214572591,0.10722991722719762,0.12277717834141308,0.42938163411366564
RFLD,3164,1742,14809630230.0,7,4917653414.323671,0.30312126434373665,0.2368798092447529,0.3694268236830731,WEAK,55.22142439068852,0.4302176837567029,0.30394164587819983,0.28913983819505307,0.33435519064235364
WFIR,3142,247,8764100100.0,5,3416657648.854074,0.25984023991957883,0.19707377358428546,0.3208015954222238,WEAK,88.97955979584964,0.5130218477077694,0.011382539593774776,0.019089957931420033,0.23713231566818335
TRND,3224,1119,5813473470.0,5,4233772180.721737,0.35904085729402035,0.2754950036835063,0.4398433050908296,WEAK,45.08053771164797,0.2746238211149552,0.1692809642757188,0.18780699524600145,0.34698699969773505
HAIL,3205,657,3992087250.0,5,2008098439.1367595,0.19140243420223405,0.10947163659813895,0.2675782094142748,NOT SUPPORTED,62.852101992510306,0.3975987603193513,0.027317384617862747,0.005638363526078665,0.32020125538155375
SWND,3187,2274,2126649450.0,5,1255428706.9578972,0.20503312258386952,0.06592511866433508,0.3567213277466179,WEAK,38.17494462944986,0.3387925476315113,0.2655085692729999,0.2739278206338795,0.4007849677760011
WNTW,3094,487,295966956.6666667,5,224109802.60247582,-0.00642393369816195,-0.12364895393907925,0.10816992687560463,NOT SUPPORTED,42.44702451975298,0.26412673897326167,0.0806560507153005,0.07039056771963986,0.10017692463820309
LTNG,3108,587,127137850.0,7,70938760.79740673,0.2529302859348354,0.2000804870442055,0.3051048600702752,WEAK,43.482802328338884,0.2560313965995295,0.3241308887147764,0.3311334257160347,0.29740571792489134
ISTM,3002,183,91249500.0,7,557473112.5578377,0.041273775522901936,-0.03931472084794211,0.12487080847744415,NOT SUPPORTED,23.797390670633813,0.023383446777068394,-0.024620344540667017,-0.006713203388628417,0.12983429008795655
LNDS,3142,82,72006170.0,5,147313884.44149017,0.16745761447711477,0.11308534720859159,0.21185260682385948,NOT SUPPORTED,10.50051683071048,0.09775883688492278,0.04188203724533298,0.02993489993510153,0.317005884914853
CWAV,2300,43,69462500.0,5,256784236.10943562,-0.05799576162554898,-0.13676853377980772,0.020856685980275805,NOT SUPPORTED,0.015835882670505667,0.054101841337640885,0.06151849503465813,0.06821085706441439,0.24118479487803002
AVLN,208,17,969500.0,7,68525.81289000182,0.24832240982295356,-0.04955903775096831,0.463713379686814,NOT SUPPORTED,0.3223310985043837,2.0211361844378453,0.1069692865992079,0.12886477517658504,-0.10227600322704732
HWAV,2604,9,36020.0,5,42615103.10245763,0.0392637674549481,0.010420047029935922,0.07286954626819674,NOT SUPPORTED,33.333333333333336,0.00016904804812227573,0.044420908345949875,0.04485262876464965,0.05195536432953532
