haz,n,hits,zero_share,auc_index,auc_naive_past,auc_buildvalue,auc_population,mag_index,mag_naive_past,mag_buildvalue,mag_population
HRCN,2308,259,88.77816291161179,0.8122240625900948,0.8031104729494187,0.5945832885803604,0.6090710036537269,0.20210510342240326,-0.07908530612134348,0.17841029407381379,0.17279610980667925
RFLD,3164,1742,44.94310998735778,0.6424220184375106,0.6687400388515068,0.6511486707972632,0.6426866398290921,0.26391334640553654,0.24558314478360663,0.22721977116286213,0.22146326181248316
TRND,3224,1119,65.29156327543424,0.7064892941823269,0.6923364303469122,0.5977372059800594,0.6088488831434582,0.24407747563676974,0.23990014041543611,0.09340555117275776,0.1008347022048017
WFIR,3142,247,92.13876511775939,0.7768426646528638,0.6475166593246767,0.5129295938131498,0.521846265724095,0.1603170011983286,0.25743570534545857,-0.04632504787683922,-0.0856509806685847
HAIL,3205,657,79.50078003120124,0.621405991269005,0.6939587918061499,0.5211482907177624,0.5061121744096304,0.4003463205160581,0.390390254219063,-0.03252727581465022,-0.04660271286116443
SWND,3187,2274,28.64763100094132,0.5525440692970972,0.6996344697571769,0.6389303917517034,0.6460603748647745,0.28551613407202175,0.31651314339024217,0.18206083164731432,0.18235744158323114
LTNG,3108,587,81.11325611325611,0.6771305024168366,0.6883544495403855,0.7324646732354525,0.7379132831067415,0.29820884295391564,0.1982081017647511,0.2546721624188425,0.2505524367168948
WNTW,3094,487,84.25985778926956,0.4849949866454948,0.5654288052463396,0.5590532203221622,0.5523058673969703,0.3097704997488344,0.12964232724877042,0.17298261744287222,0.12884149561109198
ISTM,3002,183,93.90406395736176,0.5487432081678385,0.6044464087369664,0.4690788695754996,0.49022247551257375,0.12916816865850045,0.18830850030467994,0.10493058912042463,0.16269886758403146
LNDS,3142,82,97.3901973265436,0.8032839151920931,0.692322254104894,0.5753666507253308,0.5537103459269886,0.010587583673660727,-0.24928671754950063,0.11430791915019722,0.11217193362694058
CWAV,2300,43,98.1304347826087,0.37607031354648585,0.7976630843577088,0.6302356492977919,0.6446662064275483,0.18099273280970896,-0.13864338424460465,0.3463787251594765,0.31781687490026334
