haz,rho_equal_split,rho_pop_weighted,delta
HRCN,0.34309559056216027,0.3430957265429369,1.3598077663878883e-07
RFLD,0.30312126434373665,0.30312126434373665,0.0
TRND,0.35904085729402035,0.35904085729402035,0.0
WFIR,0.25984023991957883,0.2600260422228161,0.0001858023032372813
HAIL,0.19140243420223405,0.19140243420223405,0.0
SWND,0.20503312258386952,0.21005894018017573,0.005025817596306215
LTNG,0.2529302859348354,0.2529302859348354,0.0
WNTW,-0.00642393369816195,-0.005655620368469415,0.0007683133296925351
ISTM,0.041273775522901936,0.041257056428883374,-1.6719094018562142e-05
LNDS,0.16745761447711477,0.16745761447711477,0.0
CWAV,-0.05799576162554898,-0.05800938584430742,-1.3624218758438722e-05
