haz,rho_primary,rho_conservative,naive_primary,naive_conservative,loss_primary,loss_conservative,gap_primary,gap_conservative
HRCN,0.34309559056216027,0.28383748156568983,0.42938163411366564,0.32440350630189124,26236434950.0,10282989950.0,-0.08628604355150538,-0.04056602473620141
RFLD,0.30312126434373665,0.26611956885685284,0.33435519064235364,0.2869814178517669,14809630230.0,8459918510.0,-0.031233926298616987,-0.020861848994914056
TRND,0.35904085729402035,0.34157101179613936,0.34698699969773505,0.3140170818459304,5813473470.0,5109539880.0,0.0120538575962853,0.027553929950208944
WFIR,0.25984023991957883,0.25902012760185905,0.23713231566818335,0.23201635419075073,8764100100.0,8132843600.0,0.022707924251395478,0.027003773411108323
HAIL,0.19140243420223405,0.19130421846436751,0.32020125538155375,0.32336175851478216,3992087250.0,3647753460.0,-0.1287988211793197,-0.13205754005041465
SWND,0.20503312258386952,0.1820513236654451,0.4007849677760011,0.38163380195070656,2126649450.0,1750355210.0,-0.19575184519213157,-0.19958247828526146
LTNG,0.2529302859348354,0.2048283025032387,0.29740571792489134,0.25651476136412255,127137850.0,86333350.0,-0.044475431990055936,-0.051686458860883855
WNTW,-0.00642393369816195,-0.037551912425927474,0.10017692463820309,0.05414387270275764,295966956.6666667,172294506.66666666,-0.10660085833636504,-0.09169578512868512
ISTM,0.041273775522901936,-0.000418046149786166,0.12983429008795655,0.0772679507985763,91249500.0,83911000.0,-0.08856051456505462,-0.07768599694836247
LNDS,0.16745761447711477,0.1475062521915198,0.317005884914853,0.26262321843382525,72006170.0,65596210.0,-0.14954827043773822,-0.11511696624230544
CWAV,-0.05799576162554898,-0.0023939815191436004,0.24118479487803002,0.1674450762290588,69462500.0,65301000.0,-0.299180556503579,-0.1698390577482024
