STATE,events,pct_reported
COLORADO,5115,49.56011730205279
NEBRASKA,6958,55.30324805978729
SOUTH CAROLINA,4541,57.07993833957278
MAINE,894,60.178970917225946
OKLAHOMA,8464,62.65359168241966
WYOMING,1704,63.791079812206576
KANSAS,10215,64.70876162506119
NORTH DAKOTA,2992,69.05080213903744
DELAWARE,480,69.16666666666667
NEW JERSEY,2922,70.91033538672143
SOUTH DAKOTA,6758,73.43888724474697
NEW YORK,7483,75.78511292262462
MINNESOTA,5970,76.04690117252932
NEW MEXICO,1972,77.48478701825557
IOWA,6948,80.06620610247553
TENNESSEE,6188,80.10665804783453
GEORGIA,8743,80.88756719661443
CONNECTICUT,975,82.35897435897435
NEW HAMPSHIRE,1013,83.71174728529121
MISSOURI,9166,83.84246126991054
INDIANA,5114,84.31755964020337
MICHIGAN,2978,85.39288112827401
VERMONT,628,85.6687898089172
NORTH CAROLINA,6929,86.96781642372636
PENNSYLVANIA,9171,87.60222440300949
MARYLAND,3731,88.26051996783704
KENTUCKY,6751,88.81647163383202
TEXAS,18550,89.11051212938006
WASHINGTON,391,90.7928388746803
MASSACHUSETTS,1842,91.09663409337676
MONTANA,2878,91.52189020152885
IDAHO,1400,94.21428571428572
WISCONSIN,4591,94.35852755390982
OREGON,384,94.53125
ALABAMA,7933,94.97037690659272
VIRGINIA,9517,95.4922769780393
ARKANSAS,5336,97.20764617691154
WEST VIRGINIA,4587,97.64551994767821
OHIO,7073,97.83684433762194
ILLINOIS,9359,98.09808740250027
UTAH,1740,98.2183908045977
CALIFORNIA,4380,98.8812785388128
HAWAII,523,99.04397705544933
FLORIDA,5901,99.32214878834095
ARIZONA,2883,99.34096427332639
MISSISSIPPI,6100,99.36065573770492
NEVADA,653,99.3874425727412
LOUISIANA,4338,99.65421853388659
PUERTO RICO,1887,99.78802331743508
RHODE ISLAND,207,100.0
